date,temperature,humidity,wind_speed,precipitation
2024-01-01,16.236203565420873,32.959305018703375,5.234113674718119,6.72702994208898
2024-01-02,33.52142919229749,57.93306631648507,4.939575981439996,7.966813971913723
2024-01-03,26.959818254342153,81.10620851134857,18.125091610420732,2.50467898792499
2024-01-04,22.959754525911098,71.25574204866928,4.990923996990122,6.248740996069989
2024-01-05,9.680559213273096,76.45928035030148,5.43899452257262,5.717459831437487
2024-01-06,9.67983561008608,66.11483566975022,15.187965248359275,8.32830376788271
2024-01-07,6.742508365045984,68.45935951624966,8.9947968490108,9.060870604812605
2024-01-08,30.985284373248057,79.44369560957236,15.534211139103624,0.12156771477386807
2024-01-09,23.033450352296263,37.47676062014301,1.3073231512877048,6.740199190587926
2024-01-10,26.242177333881365,54.259747455019834,9.751423873467687,0.5183579911972902
2024-01-11,5.617534828874073,35.484660927372154,0.6722720036656527,5.488586650773559
2024-01-12,34.097295564859834,89.13676055976529,1.2530640691070905,2.876327290436782
2024-01-13,29.973279224012654,86.08415377806293,18.12874906688822,3.067765995221412
2024-01-14,11.370173320348284,22.759876795795414,2.7849074223519033,3.5295850345235658
2024-01-15,10.454749016213018,69.3902620760982,10.648413645504341,6.212924490496102
2024-01-16,10.502135295603015,84.7673822190966,8.221912052014131,3.340499656687692
2024-01-17,14.127267288786133,32.64027415891334,6.946866525176853,7.326990505902804
2024-01-18,20.742692948967136,59.756166138684065,17.99666691374545,4.045273855738697
2024-01-19,17.958350559263472,84.08418083116293,0.43646793550979,0.6835320030995862
2024-01-20,13.736874205941257,22.37621850100592,13.275793723511782,7.837598424841072
2024-01-21,23.355586841671386,68.8194187072788,19.267888684271007,2.85758324592706
2024-01-22,9.184815819561255,40.81443051607855,11.20336366923684,4.3276687959926265
2024-01-23,13.764339456056545,84.70773367635712,18.736449240661837,6.8544388322190155
2024-01-24,15.99085529881075,87.97407716157575,1.0451575857204753,3.32456157148712
2024-01-25,18.682099526511077,86.09865423794038,8.375866381483227,0.5658565614671562
2024-01-26,28.555278841790408,53.194995166022466,5.203155819241023,3.739210470128136
2024-01-27,10.990213464750791,80.34298556925194,14.616419299614595,9.444485826943033
2024-01-28,20.42703315240835,79.11845789745493,19.625941809944933,6.417343972985582
2024-01-29,22.772437065861276,42.337033127027894,5.130601248884956,6.71479148667207
2024-01-30,6.3935123815999315,78.02408319054742,13.083492029481489,6.322821536376399
2024-01-31,23.22634555704315,22.59053443008448,3.9619526551948026,1.989921389594368
2024-02-01,10.115723710618745,61.738891493743715,11.306605091432198,4.183338641022801
2024-02-02,6.9515477895583855,36.100618610139215,9.278649733766724,7.509397983633183
2024-02-03,33.466566117599996,28.439682004409516,19.44010659263074,1.0137289755315915
2024-02-04,33.96896099223678,25.38672411404464,12.170545453929332,2.7785277608971226
2024-02-05,29.251920443493834,68.74021431146979,6.990127441736376,2.763191084658536
2024-02-06,14.13841307520112,43.791247463764634,2.2819156977586674,4.32018927594506
2024-02-07,7.930163420191516,70.73367400701329,3.024936574698691,9.803687409421851
2024-02-08,25.526990795364707,24.574943855925966,4.506338599024701,0.6750254668382194
2024-02-09,18.20457481218804,42.07032364814272,5.01933322680596,5.1870099438059505
2024-02-10,8.661147045343364,57.7643904662736,17.012321156822757,1.7936468201221045
2024-02-11,19.855307303338105,75.35062153872744,11.224455765650498,9.706765454097441
2024-02-12,6.031655633456552,42.312675205244894,10.467818227487328,1.133035047274642
2024-02-13,32.27961206236346,63.81239635059064,2.2953774373843494,4.036010023615912
2024-02-14,12.763399448000508,82.0184423765331,17.2027938669887,7.378849848346062
2024-02-15,24.87566853061946,63.11042317276132,14.456286064169674,7.045544280274453
2024-02-16,14.351332282682328,36.30716323275436,1.3533672380000317,4.227286368939323
2024-02-17,20.602040635334326,21.70805470895766,14.156701944595373,3.4652416795271823
2024-02-18,21.40130838029839,80.90692117306509,10.870764346852921,3.9761237855287055
2024-02-19,10.545633665765811,21.4888587595271,1.634506914935565,2.642762631586393
2024-02-20,34.08753883293676,81.22911708789397,9.166012830573129,2.053329387067998
2024-02-21,28.253984700833435,57.02559938190484,9.693925742600939,4.8303969755889
2024-02-22,33.18496824692568,85.73473889590274,3.315490803265515,2.685337560676073
2024-02-23,31.844820512829465,75.91482650415658,18.913962940005646,2.874616648972501
2024-02-24,22.936999364332554,89.85538773733363,16.99950742961324,6.56756063474557
2024-02-25,32.6562270506935,44.54982708161971,13.380446746582166,9.685373316998922
2024-02-26,7.654775061557585,73.70318022517888,9.245911220012143,6.036372005593751
2024-02-27,10.879485872574357,48.13516395264695,8.235310831690171,0.7697946706496628
2024-02-28,6.356818667316142,53.59129342127362,13.019469343019082,0.7558361385406698
2024-02-29,14.759909922897931,63.9253824252859,10.908637388138109,9.51423220845566
2024-03-01,16.660318690684463,81.15739799304372,1.2454621176377123,2.9729079030733363
2024-03-02,13.140470953216877,88.88584284395066,10.250052975406634,0.9206698608247543
2024-03-03,29.86212527455788,73.77913897051627,16.12807234465679,5.990445871503816
2024-03-04,15.702599800807679,49.243674751713364,9.18479755193916,6.236487782902661
2024-03-05,13.428035290621423,49.494990159394916,1.0391315510853683,6.485048201186881
2024-03-06,21.280882494747456,71.6307611112224,15.725563987680662,2.674020278575413
2024-03-07,9.22772674924288,36.71440020378117,4.027275642719488,0.15110684214475034
2024-03-08,29.06590942262119,27.733187919197626,5.1724166977607755,9.650153694544718
2024-03-09,7.236519310393125,44.82355103485436,3.294127068645918,2.508930456911025
2024-03-10,34.60660809801552,40.10672941578572,6.60430129742995,6.760262880525475
2024-03-11,28.167343078899723,40.741568431919305,15.1350301137727,7.0662986987870955
2024-03-12,10.961470446025173,36.35254257349369,10.387717190078746,6.100074170794857
2024-03-13,5.165663513708072,22.94652327454533,4.097625483014252,3.129073942136482
2024-03-14,29.463842853645026,21.251175431338968,17.556601563040818,2.7109625376406576
2024-03-15,26.205720315428515,89.14056728152221,17.591637099030585,5.976682827027031
2024-03-16,26.87021504122962,49.94411936151036,17.41156850092014,8.660956336116914
2024-03-17,28.138110400578373,46.90286530117771,4.775924227630785,9.467337289233956
2024-03-18,7.221339552022711,67.57530978851489,9.024786883619761,1.0590580440375763
2024-03-19,15.753971856328178,35.27777215055449,19.699793122817503,1.5482861259771985
2024-03-20,8.476071785753891,86.49728287651577,15.440249526199807,9.447362587830796
2024-03-21,30.893102776267806,75.04415100908864,0.5433484245111964,7.365352283347926
2024-03-22,23.698943804826737,26.258770161858166,1.304091825209841,8.829938248297731
2024-03-23,14.926940745579476,49.230654304944984,9.278627536246656,2.026326341353432
2024-03-24,6.906750508580709,81.53828152935154,18.184404117231203,5.875858711094018
2024-03-25,14.329469651469866,86.13124156039872,10.774035959054284,7.011395944174737
2024-03-26,14.75549966080241,52.718105787490884,9.956250160685805,6.801118854469727
2024-03-27,26.88818535014192,62.93879724474954,2.1094739991326117,4.081516908666981
2024-03-28,24.126724140656393,31.692376226445266,13.135602094485881,0.15394891691308477
2024-03-29,31.616382277289794,89.38180382958836,16.44206321200451,5.829260568042631
2024-03-30,19.16644775485848,36.21701909684104,7.608400150151247,2.5310153917960876
2024-03-31,8.58782737814905,85.99122418945879,15.51223701850655,4.502542461428903
2024-04-01,26.39734361668985,65.4752654294658,19.289533078016234,9.575810150838173
2024-04-02,27.823551458506923,62.54157564152014,4.075329182553782,3.990353176424347
2024-04-03,21.83831592708489,55.8881957711556,10.466592623894826,8.398016066644267
2024-04-04,28.12901539863683,36.14688682024311,5.742759161691511,1.8854060574925113
2024-04-05,19.81386789093172,32.35696224038558,15.857088380676787,6.724604980250288
2024-04-06,20.681984881459822,35.43403463491227,11.55186731762315,9.770069544389434
2024-04-07,17.826230550756488,33.05067835009782,12.691648351006075,1.018931008729368
2024-04-08,5.762573802322856,74.57091314967273,15.958283192317882,0.08319942227192012
2024-04-09,8.236742809799134,44.508768141671105,7.919409453249098,4.335827926326143
2024-04-10,5.942875570602028,24.048987359437746,18.301801368140865,0.926254830513672
2024-04-11,24.092312337913413,87.83718410985679,10.6605773449228,7.483843496762313
2024-04-12,14.4306794322898,81.8650119474398,3.15909645670696,9.14548663848559
2024-04-13,20.257120734941083,84.94265982366491,13.91798236337605,4.340209727087588
2024-04-14,32.22699421778279,89.64354758525047,15.865227008765089,2.5871164215544096
2024-04-15,12.478766874466249,32.17266744536411,6.335233541350533,4.344033190066098
2024-04-16,17.31148769106889,47.736941323186116,17.14358513997506,7.2344781785000105
2024-04-17,27.666534156291462,73.07669329928639,18.122865095315326,0.09054161580370979
2024-04-18,11.863944964748674,68.72144326376545,5.538089747556178,5.894539894846972
2024-04-19,7.30939729486379,30.772713443789854,19.67042945430444,6.132916848873791
2024-04-20,13.692543587413041,77.10831874934325,2.8142305609751683,6.376882468959355
2024-04-21,9.836638617620132,35.710840028566246,4.0403133680498,2.420220799808772
2024-04-22,32.890929570277194,35.667233037583614,3.6844967847605226,7.140527233781268
2024-04-23,29.243611386932507,57.58820960253895,17.87979420015741,0.9139148633177641
2024-04-24,24.002112695312704,61.50579543891922,13.085851046499236,1.9927033646680081
2024-04-25,31.14381770563153,60.60603454864678,3.0420856644454575,8.77470046654482
2024-04-26,29.110162306973432,26.404078617842842,8.80646836736698,7.387231507265664
2024-04-27,10.597101766581076,81.42226038412662,12.30596050139604,0.1374555401134525
2024-04-28,31.776769954699333,38.592002981209426,1.6692816997876658,2.4837626036980023
2024-04-29,21.18026725746952,29.06604448979629,17.648327368146774,2.1440648299316454
2024-04-30,29.223204654921876,82.2123655908284,16.072070708830704,2.7080632803697258
2024-05-01,31.8827389977048,86.89560487608274,10.104135471532764,2.475597702798864
2024-05-02,14.540104249155917,80.34893320858154,19.342532305183408,0.6252629574284574
2024-05-03,8.301557735830302,76.66612523074147,8.355219585501994,4.589405165968204
2024-05-04,11.838054876258251,65.86693864473152,19.682206380729955,7.327334747861651
2024-05-05,17.813233658787688,58.56001594263975,13.35839997607254,6.067317247174364
2024-05-06,29.540442977674793,26.08907319379871,12.693425465078828,6.728716685980798
2024-05-07,30.821917497690304,48.59172491494891,3.3190979059157,0.8114917853623915
2024-05-08,5.208563915935721,46.08819619086198,17.63855516609288,9.514907101767871
2024-05-09,20.32241907732697,38.182764863222836,8.549793758412303,8.384918338430248
2024-05-10,17.52233009446337,70.63940795820095,3.244668115649587,8.050903184956628
2024-05-11,11.663234314121908,54.711301455513954,0.2521503995151808,8.229838050417674
2024-05-12,8.595961020010485,25.673235113535355,11.19511367276765,9.327105081327613
2024-05-13,15.12845514210884,35.41282413648679,10.547992442453527,5.442539661136977
2024-05-14,33.287291117375574,67.8281134561717,14.387072447383172,2.002820178676259
2024-05-15,14.696087960622657,25.329160164321014,17.805161060356042,6.167836078525411
2024-05-16,20.563718652300985,79.5844839834138,1.5881316928605904,7.42881493667939
2024-05-17,26.090568766855334,54.660256890978204,14.629929806807247,7.379173933540254
2024-05-18,15.908888071378819,53.64106041286536,3.7482388819516443,5.214490241668801
2024-05-19,34.15346248162882,61.46854492616623,17.163541063143278,0.6845871933357806
2024-05-20,33.87341884826334,77.72766761476043,16.38127027723312,3.7111293843012785
2024-05-21,12.553468874760924,44.34664455315351,10.815875099710887,9.207666084633573
2024-05-22,19.91745517677156,67.46113067913444,14.20485597246623,5.84448909757426
2024-05-23,14.02634929450309,59.601237479705375,6.287002263674967,5.383319432557134
2024-05-24,13.545214831324028,38.69197891185949,9.423357978656293,2.688535143821935
2024-05-25,6.106608420635984,81.50409904486105,16.432737954209433,3.684489199165789
2024-05-26,23.286930019396905,75.81982151248496,9.185303943464278,8.953460891531693
2024-05-27,20.080370696865845,66.09162842608978,7.155965306508836,6.664630475268357
2024-05-28,6.544362537499681,79.54072103659693,9.884248945005998,7.873870267523328
2024-05-29,13.359393927098344,80.71059406718616,16.56498504874437,4.543454230676551
2024-05-30,32.24797657899961,69.58540837005243,6.704160947417455,6.302472194561579
2024-05-31,12.186856720009173,78.59093298545704,3.475231862714876,2.483836087432075
2024-06-01,9.346846162736693,68.82300231684985,14.240280406615614,7.054608302834863
2024-06-02,19.68358280832689,67.60985402322103,16.519564254161637,4.276013337033373
2024-06-03,34.56951362331802,63.3027964750629,2.0127495704706666,4.4254551481474556
2024-06-04,12.261658145345013,72.69016476903488,4.7974822551188945,6.493223245768816
2024-06-05,25.164066422176358,31.102357370515158,2.839439795219878,9.362806214689266
2024-06-06,27.848588459861528,81.66095314392498,6.9588282316433325,0.6400634660862092
2024-06-07,12.12912631977199,81.02904694216625,9.007019578108252,8.247432373470076
2024-06-08,26.846490458355788,22.04730981241914,14.976526739266129,2.9238311041219314
2024-06-09,16.033493981577596,77.80717253953338,13.022951697633482,4.439194545063778
2024-06-10,23.969174917807383,29.020890723141164,12.418571349568623,0.21913328775008956
2024-06-11,24.00589132282684,43.45831979813993,7.047498932193088,3.0104607783431305
2024-06-12,21.073240522242756,72.04557794041254,16.8289510616952,5.026312426301304
2024-06-13,7.7086931016322495,31.253192723381574,9.42574334796329,0.5617607734743901
2024-06-14,30.05907486767714,77.25769168833435,19.58209876030309,4.910957293831651
2024-06-15,14.623401949152075,78.24939245704194,12.682842765914737,9.271106288584273
2024-06-16,10.595555311995627,55.52274136325853,2.5252948312900547,1.0539321810780522
2024-06-17,6.2232542466429175,20.44701102017835,13.523551241508681,7.644407280755043
2024-06-18,22.726788295647253,40.09266932224389,6.50208030863398,4.096710533759927
2024-06-19,25.326930855268472,63.18488428630195,13.726543933721949,6.55173714524338
2024-06-20,5.497634867835685,88.68303246191964,1.3928229632481148,2.6023659798522933
2024-06-21,20.36279174897843,64.22694689116679,3.4976287435191877,1.5949226254135829
2024-06-22,11.794873255938139,38.186250674491184,17.114745178115726,1.6046261427122643
2024-06-23,24.355183712283495,64.38039921697279,4.543591140470298,0.7049194564314465
2024-06-24,10.230992870149743,57.79897658010988,16.7408225048588,1.8564670490124302
2024-06-25,25.728132143073978,74.58917766058005,5.585521769088208,6.642193849889683
2024-06-26,16.602060389016124,27.488644717887087,12.857638201174153,8.81690611843508
2024-06-27,33.101899662102035,73.27195317514196,13.883011470196621,8.141256855911617
2024-06-28,9.125628324379797,57.88866050732772,10.253095062901059,6.851343098744841
2024-06-29,15.231990531507755,87.40944027012962,6.106213533934626,1.1043186341110267
2024-06-30,8.404205637217672,43.931051622708026,4.252887527421922,2.8918744629594983
2024-07-01,32.74080854835688,64.28353251937637,0.6637870912485244,3.0980687532246898
2024-07-02,31.32018060142943,85.24196738570123,6.078928024814476,2.4995694639762123
2024-07-03,12.73824883145467,27.17568095934755,13.06325581062566,5.150056597097231
2024-07-04,24.79952138102537,85.60599410655158,18.766096368969652,5.355538148796725
2024-07-05,29.516666006036473,68.15200056105694,17.42408964526104,3.568859751711102
2024-07-06,21.65602434798387,24.748594137362034,15.321295530706053,3.53789158736436
2024-07-07,20.889517350680194,41.067449686277136,15.768946865065974,8.285555979060813
2024-07-08,12.25556872701355,69.57204620516971,13.299698069519906,7.892928483196856
2024-07-09,7.793083034176976,24.71454210281402,5.20573715132006,3.0779583168074565
2024-07-10,31.916472738599804,60.75193221233913,18.143900614116596,9.137884438732593
2024-07-11,32.01254171489991,44.21181398670697,13.414646238116681,9.52815017002506
2024-07-12,23.993043718198038,63.4640862437234,11.2088126196088,3.267425420300408
2024-07-13,15.170893731461021,23.201942366875898,2.2197893842696215,3.5442494879305486
2024-07-14,15.476287238379827,81.00757643066635,8.941110876128509,5.056341534219588
2024-07-15,26.778670366107182,88.14422784241778,9.207165424038525,9.411208125336735
2024-07-16,31.913307798577314,87.8214498699984,17.291272190453398,8.763194331423115
2024-07-17,31.61259272795352,72.47562822200473,10.932964403755769,1.025679625835898
2024-07-18,28.396266375728715,29.106036809144236,7.608010979408193,3.927307432714162
2024-07-19,24.26094938462863,73.07842371503159,19.536006570213186,5.533711897497718
2024-07-20,7.524198949851465,21.721084152116106,2.2144118665263135,5.0313247255154
2024-07-21,9.848861422838413,21.548648607029808,8.450968566238892,1.9386306793689267
2024-07-22,31.956625655812378,42.652715340467886,0.8404935034281058,8.588167711681546
2024-07-23,23.1928717897877,54.205023328326604,14.798082415338607,6.769407829968373
2024-07-24,5.27591154849889,73.92851924654553,18.361531043983014,8.379083748518037
2024-07-25,8.044146285980963,67.83067636245536,5.600746591009789,8.587642793494721
2024-07-26,24.905053073241675,51.21318944637238,17.166833535982416,7.483558536657398
2024-07-27,5.15184751538656,39.15386663971661,5.844364609237955,4.392106012497173
2024-07-28,9.824241542524959,89.79871501103977,18.215403232878305,6.105467550154246
2024-07-29,21.462013680997583,49.83269115651811,15.079238071935679,1.6036540611974315
2024-07-30,25.756855930780798,51.59709170307728,16.09813553682877,6.736454174749077
2024-07-31,24.558837785078016,31.453667483416844,0.36013111200909,1.7925325573928075
2024-08-01,11.728079283816793,75.63666841249506,19.25620714148052,6.939495905101568
2024-08-02,26.365376640426074,68.55775580470421,14.533419841406465,2.2959816075396864
2024-08-03,12.117472624904002,35.45387289521322,6.095021907722666,1.1755130015021997
2024-08-04,14.76199094477803,25.76667319310899,16.58789329717694,1.6528449014295743
2024-08-05,27.394742153540726,67.63495114522992,5.630423968298599,0.01992135219070268
2024-08-06,24.48898697141644,65.81578499967947,17.455076791322558,7.187396178535303
2024-08-07,30.47670231482534,39.12816688987465,2.2516078082387403,7.324010490583791
2024-08-08,24.7283867690103,86.56044935752873,14.073719549215916,5.149333499132594
2024-08-09,22.049258100064147,30.574052424663016,10.813969532898206,1.613628010553837
2024-08-10,7.810243034842774,50.26343607298213,1.9306894039088163,0.8355433751068975
2024-08-11,16.031474091783004,86.05311441173193,4.83787656517678,0.1912896643728701
2024-08-12,12.956071030451763,49.38091218482856,0.2480807255462958,1.657481769652207
2024-08-13,12.319689301372508,64.696816336486,9.375359309290117,8.908555349831467
2024-08-14,34.190316642573364,47.831607857395596,6.0253052152000075,2.4153684170168175
2024-08-15,16.792931740002814,39.1950641644069,11.967149685955176,3.542713272172157
2024-08-16,31.761396655313398,88.87843535718798,5.944756154172344,1.0534548448133318
2024-08-17,23.934158779917887,48.65338044205301,5.998382230139693,2.223613047481703
2024-08-18,28.844339106249453,82.58694425753941,14.863863974632068,5.192245707802051
2024-08-19,20.079112793155765,36.09682241237603,0.962856719567069,6.077526830956526
2024-08-20,22.307116538790773,34.91732928175583,18.057899903839743,2.4535231416621106
2024-08-21,19.77553081456592,22.179385801915796,17.04527748782363,0.5773215922511721
2024-08-22,10.857289633941335,65.61667777631195,13.35609366452813,3.9103286912739863
2024-08-23,26.67356345784516,45.796844060663275,11.864431402147686,2.342033709263341
2024-08-24,13.423170873225674,80.50507748877459,17.846049962793046,2.195539232298019
2024-08-25,5.729478992943616,53.124693468409,3.706603590574289,9.598628027134552
2024-08-26,24.364168877215036,87.77353995403053,1.5793832438165722,6.16300485925724
2024-08-27,10.313320382211469,32.98678609921848,4.790203398190762,5.5687844317209585
2024-08-28,33.21375753058743,80.80362175689275,15.891565574003806,4.157751035233219
2024-08-29,33.617857310077625,74.36177969542192,0.6934053345296665,4.289443334301443
2024-08-30,32.44593170661346,73.96452912508364,11.656136701669793,5.4090500383808084
2024-08-31,16.10476100766333,79.13482596818213,19.908750323826197,6.964298070361073
2024-09-01,5.463698495866023,73.27167936600992,17.113921876750787,7.021460961818295
2024-09-02,32.84955687763176,63.835422514199074,10.428913780871788,1.7169390770544957
2024-09-03,17.84552444951943,29.18714143776713,1.2728181857328469,5.0011275207662695
2024-09-04,33.999644571310085,22.276832564387632,16.627470287714196,4.119580950341019
2024-09-05,33.90859931267758,84.45934934709808,11.97957016354421,8.705269662693842
2024-09-06,30.590283664020802,63.16552201645166,2.2986599411913367,6.314189212183764
2024-09-07,13.833466762087571,75.75761036833234,1.877145696467124,5.325040664159818
2024-09-08,16.552931858057757,53.706564605878505,18.19253638873185,1.1539464217891737
2024-09-09,30.534100145505708,28.211573227367616,13.384005258761569,6.056378893234115
2024-09-10,14.50766015468833,28.763005454178533,16.58573598633511,1.1720390568023342
2024-09-11,10.084782400582775,67.989570106028,17.579578005645345,3.3720657556575206
2024-09-12,21.704037873750504,50.12141264296239,11.435447040966444,1.4284196481433187
2024-09-13,33.08464322482343,34.03673086902357,10.348927035100825,6.920736470243689
2024-09-14,25.88089390024919,54.41161827190058,8.608548206419805,2.062521138361526
2024-09-15,22.101835102680948,24.494625595259386,6.338931755822386,3.91859373188026
2024-09-16,7.915294813123056,60.73799813400792,8.691919217174235,8.956747776187786
2024-09-17,23.45021680097509,38.82953831045684,15.477593114603128,2.043163833989703
2024-09-18,34.7016155031279,75.82913704460317,12.03846862030263,5.078050639587791
2024-09-19,9.202520457095721,41.72533712465017,17.850465799096924,4.19271661166022
2024-09-20,20.5498895709121,51.86541043572608,8.867600287583755,0.18124041045729733
2024-09-21,31.321192157838663,20.813437793567044,12.14179157437508,7.927581135728127
2024-09-22,27.223058532626133,25.071282145619122,12.626151061839774,0.6904590631459973
2024-09-23,25.91047222985804,47.47454894846794,11.83394324612651,4.7425502097695365
2024-09-24,26.07452251961328,53.595718430198644,14.052675461710326,5.606782949389499
2024-09-25,15.784734536592655,62.00143836835126,4.748669367496126,6.284264566145871
2024-09-26,13.807755327934801,40.416380509651226,10.247275550915813,6.886316293078756
2024-09-27,29.28083466435541,68.64873202885798,2.0844960561669534,2.532723835227151
2024-09-28,29.30340184037542,80.20856780324432,7.690226552896251,0.09978776658449373
2024-09-29,31.012169557403112,74.5895692225345,9.753341372425288,7.2344366235491195
2024-09-30,32.397216576694134,22.773317774385,13.04448519090945,5.356565993475786
2024-10-01,20.340271965828133,53.63548630804802,19.01062105172407,8.361177032072488
2024-10-02,20.045488840615988,27.34511248927224,12.013021330967117,8.213883629006943
2024-10-03,28.948855369003255,36.943151110376924,14.871878323531195,8.433261677878832
2024-10-04,24.498917923332954,89.06638152870025,10.125321189904055,4.850946599795401
2024-10-05,26.0590063177311,29.974688003105925,12.682080627526627,3.3362839583686563
2024-10-06,28.87378008308303,54.922170741594925,1.4186443226754686,7.9155820259137
2024-10-07,31.70016025452699,63.270901402268336,5.08783161683694,4.51294113029255
2024-10-08,15.139854705546075,69.17254793808728,7.237061864102774,1.834421964034345
2024-10-09,16.26748857919832,59.175407844083985,9.449867100130271,8.549740195614744
2024-10-10,7.81945819522607,20.683959319342858,0.9129749100476747,8.825598767723474
2024-10-11,22.34840422988522,42.85229157707943,2.8004819510663537,4.663097561401701
2024-10-12,6.078268213902263,56.2398150369298,5.536286155826115,0.7569972730978747
2024-10-13,18.967940543973803,26.150654940138335,19.430653818021014,3.8782608991693124
2024-10-14,21.2793390412273,44.543885184642654,6.626940142061015,8.035376594626033
2024-10-15,13.596237563848533,22.32421761539566,9.64082116224165,9.017740285462287
2024-10-16,22.724997817070324,25.500494800851452,3.9219542547678587,2.0347274249759586
2024-10-17,5.915007498171483,47.78462933411173,12.215601421515366,0.6697361202527152
2024-10-18,6.120445662476433,29.290102783014227,5.613664310319486,8.773504531328387
2024-10-19,29.678016819789747,59.72785937830907,4.1398515687685356,3.894049389788753
2024-10-20,15.805719242337886,68.2625478396086,10.33145256891958,5.417609642675632
2024-10-21,8.811815379556544,76.0410689376358,0.11011598320841642,9.680658120507589
2024-10-22,20.667297801644132,34.010517097136706,0.15328065298450655,0.6656472791422285
2024-10-23,28.099806592958323,31.723780758134883,4.3813761820371555,6.483180074520956
2024-10-24,11.474630824905296,27.31974882340802,0.7344272500164228,0.7410542257486707
2024-10-25,23.686714274570008,64.55011746805457,2.1605150826138275,3.7546892846650035
2024-10-26,7.56042394981304,69.45330085408308,6.777212986775032,8.038145451934467
2024-10-27,6.550451635058231,22.211030137794943,16.051713591596258,4.334722327556344
2024-10-28,20.94063894704444,85.53485723705829,11.440972867386016,9.971823539029504
2024-10-29,21.219053648303195,23.637989855603067,10.253354519128328,5.590592849466022
2024-10-30,24.122897044946196,57.890743471074934,5.869776464162433,3.2116215263595347
2024-10-31,26.782740011679845,69.63423636156415,18.635074388656328,2.2011132590475313
2024-11-01,34.275562383876036,80.967838662226,7.940300824743833,3.5052053428616183
2024-11-02,20.48901044903586,69.98608524926995,1.7418553359154298,3.725332737595508
2024-11-03,14.68869418823738,76.12096581488544,12.341330322356026,0.6871367772396098
2024-11-04,28.85558584306111,43.761513477996424,2.276767869532028,3.6957419942677316
2024-11-05,13.124967537862226,77.03775796225585,6.904462856033842,4.642385197392249
2024-11-06,18.169142621169083,25.60803924692726,10.148238774356177,7.227377522388046
2024-11-07,7.353691440267979,82.63716592423694,17.484450493703516,6.56729484721608
2024-11-08,5.760522302463725,58.331466330761536,9.870931606802372,7.087656552291542
2024-11-09,33.87945244033775,77.21084389737456,14.045175320633286,0.08363681876857099
2024-11-10,30.079403615366175,51.66227991628101,19.856336779981408,2.1766739958053605
2024-11-11,25.87922618281094,65.05043866375675,2.6297823979596324,6.616842883998565
2024-11-12,17.268588332428095,56.84818626552792,5.49463051039039,4.839893681797472
2024-11-13,10.198829602125373,71.21126652287323,7.891521511952928,0.05313475668345946
2024-11-14,9.69311128013258,25.71409874214127,8.436563570776627,8.044946424318223
2024-11-15,12.50728694493786,24.224645879339466,8.220421505310915,7.728095732903374
2024-11-16,21.476799941183614,37.29722638071025,18.1522200511311,5.484191629935626
2024-11-17,26.43787768100187,31.168127607923182,14.280652889337128,0.6646332577627212
2024-11-18,24.80592130153194,81.02484966145411,12.158104281814076,7.665150495325847
2024-11-19,13.398016908378285,35.344979115063104,6.187454357255642,5.8371358773136395
2024-11-20,33.64595841989582,88.31056790733919,16.475807684425895,7.8195997715795915
2024-11-21,27.136907500873054,43.58270542397748,19.101210229699777,7.517469923958404
2024-11-22,21.63062157534202,32.748254098208946,16.42396565100453,8.03002071957837
2024-11-23,23.351622387030567,75.27889549997354,0.03130210382945808,5.1800806640462485
2024-11-24,17.588001872833697,66.10954428506133,12.72802740366814,1.40324518193515
2024-11-25,12.431929685034724,54.87370015171973,1.0227076288420145,6.711574733796887
2024-11-26,15.679180359537847,58.87544856563419,5.152144406674437,6.204737850519706
2024-11-27,27.735383313931074,70.34412447905848,1.1904940069554337,7.422531871990872
2024-11-28,5.431804658892676,35.99183189319091,12.075909058987754,1.698810060507353
2024-11-29,8.482179215207488,89.74337412397193,13.731798269852135,1.9497519990028922
2024-11-30,6.3800792606525825,88.23552135027482,2.2897527613181023,8.904095172193285
2024-12-01,6.221864069569104,65.52279804428558,7.67677766089959,7.499777984520708
2024-12-02,30.663817520330216,33.96797156504016,9.124730179110841,9.08228488700323
2024-12-03,26.109735781400712,67.61597697019039,7.381060435218332,7.587153211639207
2024-12-04,19.225214872619755,25.05388862854231,2.420500009703861,5.971553059903019
2024-12-05,7.935024819530044,22.145675154406426,8.378955803749509,6.5413273702787365
2024-12-06,19.74847625350497,38.03780219578496,15.023560956168362,8.891279239400099
2024-12-07,19.204153123416972,52.383606971752144,1.4201532906651093,5.7880675451194055
2024-12-08,10.196056097300456,80.77907537858664,1.603600281638069,6.323913243283874
2024-12-09,18.01554947713919,70.90183488364156,7.095425836719684,1.5647671600360058
2024-12-10,16.955142031921206,71.98945648399868,18.834514232378503,4.739212201161028
2024-12-11,23.475502941566493,49.784533411365274,13.371452934458281,7.16397111958099
2024-12-12,24.052809526029314,44.215449478287404,13.573399133451296,2.709426983163654
2024-12-13,6.359120293161336,45.97271340892219,7.238399816757299,2.022541805245349
2024-12-14,16.238378438794136,89.13546946152405,11.873215824170769,3.1382680822441555
2024-12-15,23.77579747142709,22.807643398873772,0.20262368055486757,2.4150062799283347
2024-12-16,20.094087757402633,80.6922047285714,12.721920928190844,2.1491263703639585
2024-12-17,30.694695235649668,60.507278600067536,18.265738951524735,4.24850842868087
2024-12-18,24.76080894856835,50.703079343271334,12.251469366896384,9.07838513883534
2024-12-19,9.88803281244289,70.76803622905956,17.473971869326903,5.070596467387183
2024-12-20,7.1170624220128955,54.0668258997292,14.479461109321877,1.8792038081532303
2024-12-21,24.27257834618947,81.13962666571624,2.411168328073805,0.7697166938087407
2024-12-22,5.795339316248654,83.0491304807881,18.049066145716836,6.961561451379252
2024-12-23,22.5732674382039,49.520464881141876,1.3288768871154977,3.827987644363878
2024-12-24,33.20690724274873,39.37794580645361,10.679349450955275,8.218309465853594
2024-12-25,22.26422533627637,61.464523001535355,2.8427424758691533,6.595107686407702
2024-12-26,16.645097786195656,83.86543419316837,0.2341322146180813,7.962414505413685
2024-12-27,24.298646553270594,34.746353230396664,8.44068520255278,2.7194603941844875
2024-12-28,18.7475867147455,63.607660849443796,5.900814153083125,6.9235892246105815
2024-12-29,21.36850367947805,64.20921540647643,9.72000987595206,2.640619846937188
2024-12-30,33.24394426329576,71.31791156906968,11.543997734691017,9.390684794502915
2024-12-31,16.58307913402323,29.209737958908185,0.8747814461789472,6.363742815333744
2025-01-01,33.83571691471742,70.1077475277462,2.4600659024749127,3.245118001753421
2025-01-02,32.160519258681916,83.63227644659487,11.172847929008507,2.6951186229227266
2025-01-03,10.873734043678894,32.57781762091694,6.863347063453165,1.909265850716435
2025-01-04,7.080839026254964,36.62803274467144,14.58346975098896,6.946409588937278
2025-01-05,8.0233400413228,87.99765658291477,13.045832971838793,2.187156129979273
2025-01-06,5.546654769546492,32.66838668966429,16.912087259798135,5.953032659274891
2025-01-07,7.833288822677852,79.80695653587054,13.849856533384505,2.646350269253573
2025-01-08,25.490203202490704,54.45944995136244,8.598621547802964,6.619689447938686
2025-01-09,7.13565945380687,37.30617520822239,13.459332447888649,8.149397285405392
2025-01-10,14.56926890881284,80.9524930890758,5.50762348510837,7.780252431446532
2025-01-11,30.346259329083637,51.171367850186584,6.126269975564254,7.608513309307817
2025-01-12,5.698158072074776,56.03721477507831,15.779703198415866,1.8772240569225207
2025-01-13,29.434054477668074,45.1463358579836,8.928390328031643,0.8838494698451871
2025-01-14,13.455643243201997,61.50655960044492,15.96760681036705,6.989488284873856
2025-01-15,8.544944828649687,31.446671080951596,16.44844747336557,3.683472137943513
2025-01-16,25.902114960924518,47.375707565623244,17.151246753225674,4.3234622640334734
2025-01-17,23.86828540339652,87.85886256347013,18.332704716824146,0.31149092793391064
2025-01-18,31.32416040581159,38.06934028907892,8.619704410265925,2.595764492750492
2025-01-19,27.052131314116572,65.97156651789045,6.377336366422776,0.3367640387446402
2025-01-20,29.104427911545457,42.76330449572864,11.643974931882276,8.791857726012477
2025-01-21,13.461037177139195,74.14311879806205,7.423448468752552,2.4339668321853045
2025-01-22,10.323186313391684,29.16115625028449,12.021483336004659,5.5733716957300805
2025-01-23,27.51844254922575,87.88747315549813,14.111717252876492,0.3897932066113041
2025-01-24,29.20504217801792,51.76526789685475,13.768100369842738,6.66847391305658
2025-01-25,34.7151542600202,36.52353243425247,7.491057740402427,3.230273457540939
2025-01-26,17.378530307342793,25.144772313100887,3.3372040339750564,8.979191869576658
2025-01-27,16.160542573783495,31.883053356127853,8.61058676924415,8.881181889340358
2025-01-28,28.292388822259905,56.384176398921234,2.8518828816381747,3.252906183617478
2025-01-29,15.224106207590536,43.59022235019004,17.801940703676166,9.009608956904678
2025-01-30,32.922719768106944,78.02183561178266,6.917549214757148,9.961576734987789
2025-01-31,30.752382555290353,50.162126656326414,3.0891949444664757,8.254156641239481
2025-02-01,17.86982082125055,37.40999908113409,0.5089551981150175,8.448713477552289
2025-02-02,27.526132033744922,63.2001490622821,12.916447725729686,2.4900873610908993
2025-02-03,27.63628622254047,69.47440518198121,12.738046349094866,5.767023988577563
2025-02-04,8.093716065077977,31.69293355306649,6.812083331625834,0.6725591396736785
2025-02-05,32.076587200386996,31.733345140182237,1.4342377769530201,0.9491793682166971
2025-02-06,20.157571173435713,22.566999885348007,8.192577897904641,9.988926120332906
2025-02-07,29.793723983232248,71.54814105459484,6.224349901267871,3.2663924942591094
2025-02-08,14.601488030918352,66.46631693352636,13.542412794700187,7.481839120488464
2025-02-09,31.865696854886014,53.22416130248697,12.115584989053808,8.066650530268165
2025-02-10,16.676050362024895,79.0919314278438,7.2918745639508,8.580232710072291
2025-02-11,5.32512954440895,76.39691070650372,4.357851085099802,9.976282974021565
2025-02-12,32.16145929257791,60.97480550777265,19.760719323111836,2.414964852568678
2025-02-13,7.738600303584007,80.7789896359281,9.080032423922297,0.40350826859699707
2025-02-14,14.579409127712445,34.40888470257378,13.76548471560474,4.11191517994586
2025-02-15,33.50185901152415,27.834373357840953,2.8110593515672155,1.3008066982894695
2025-02-16,33.51821440812668,38.88247280618927,9.711793993187957,0.22425889162055124
2025-02-17,22.203136643698585,23.99607992625204,0.5507343973893097,3.604268271414861
2025-02-18,23.95511636509398,57.18186696007224,10.109102358208998,7.837382510752365
2025-02-19,18.453365659349593,85.5623984606473,19.280348142354047,5.661806912250709
2025-02-20,13.796323150941936,22.754047846795675,7.6841342597160045,3.1277798921035407
2025-02-21,14.859936361097478,28.547693980701876,0.7799202514982317,6.543420054927197
2025-02-22,25.175553682311154,51.653931979840465,0.6191158183868706,2.320181803088107
2025-02-23,27.5712358831304,85.37125122695335,7.75973519893739,0.14381446072085025
2025-02-24,28.747371311775456,42.13092734837254,3.200498729263881,7.643533864364274
2025-02-25,28.688544283836617,55.50643660818747,0.46704192656371823,6.237430848640091
2025-02-26,7.7361830914607115,22.910100133527447,15.124272279003536,7.6230262450096
2025-02-27,19.832609141077445,30.38402406734622,9.170460177637814,0.3893801668766561
2025-02-28,6.726762800499328,89.06410860711928,5.7848954394530905,8.371196278306522
2025-03-01,21.485866469712064,87.55830875052318,18.001663660329616,6.195262000363034
2025-03-02,18.24591504120131,20.345798665408672,2.322779204010512,5.633953507126401
2025-03-03,31.631125482748992,86.62682497962673,19.118376579106386,6.246140481145316
2025-03-04,15.52745037656236,64.73839564708503,6.279334347547056,8.644332468683642
2025-03-05,8.512010492828175,80.75428061640154,17.768073446173624,5.86936506558907
2025-03-06,9.289750461585076,51.83178989437013,12.05885752958923,5.809503798881793
2025-03-07,27.845318951524167,56.09172200054752,16.53414719482975,9.906791570657658
2025-03-08,23.54654189948783,54.21926061798441,19.680263264209287,7.56730167068568
2025-03-09,8.033680283683708,66.6804980282273,5.7681087563749145,4.422938054511353
2025-03-10,7.5232041834499235,29.775587832941902,19.22270970815186,7.073970000329277
2025-03-11,26.0290739437736,22.098151291087458,7.789637898048407,3.892304716917885
2025-03-12,7.182890190925805,41.55509591138336,7.710238094738447,2.28875462483499
2025-03-13,29.655801778710686,69.32765339156526,6.807742085090114,5.968518768877594
2025-03-14,26.187266814694887,34.129741648606384,10.828152146951703,9.281820981139514
2025-03-15,7.440463419256993,67.14027033274421,3.082900863569742,9.291395200154627
2025-03-16,7.545131422555757,87.89384322750892,11.074229707160224,3.419052781054903
2025-03-17,34.59918735503526,26.573050105259288,10.83409624820008,5.276774662216949
2025-03-18,16.22812387268361,67.08214827575884,15.2380362520974,2.116358985698612
2025-03-19,16.11926441200673,51.06251535131998,16.67299923875171,9.956311094988834
2025-03-20,29.383987017725076,80.76995780642537,8.808827006248482,9.811179078679357
2025-03-21,33.41745732151576,32.400485261317016,6.0466649870298745,6.495089297074474
2025-03-22,34.58003191468613,68.48381665583152,5.186697946341889,8.044140596774733
2025-03-23,27.601345557768248,78.66807027536771,3.8924767340974387,7.151001612837
2025-03-24,16.287787565927474,86.12299536318163,1.1529516439804977,5.931582190394682
2025-03-25,7.505021500960063,67.82736198027521,6.848959576694266,0.533479969888977
2025-03-26,28.314407477823103,54.80223348058991,5.404953842615665,4.54764342552661
2025-03-27,21.752127492074152,63.24930681408497,19.328347717328146,6.747863021674105
2025-03-28,17.726660277409287,80.82334891351027,11.154176525000878,6.775316138836846
2025-03-29,32.19063155284208,59.94268226471808,6.945540780610151,3.7312261842238357
2025-03-30,8.33592446918454,22.12709417877858,11.60935201987392,9.416919866580306
2025-03-31,19.778753128725775,85.16640868548845,2.78393402691391,1.67357032236781
2025-04-01,5.340609343022572,68.26687257220928,8.880874984044059,5.003594462155606
2025-04-02,19.05981925982379,67.35593700440725,12.524686428421276,6.908839765508228
2025-04-03,6.689098270455121,35.0972606678402,9.777956635849028,6.971358058918092
2025-04-04,8.564537488042157,66.121982916286,8.035576013086486,6.486389567688155
2025-04-05,8.525787403313146,47.570508395791094,19.876967777993965,2.7528821345186016
2025-04-06,24.476309063481906,65.58630839290444,17.60629524297854,1.5620656868662197
2025-04-07,27.3813463779627,27.461512121559352,12.468119163188803,6.3594032682671084
2025-04-08,22.50106295291479,66.04917132221252,11.387547223645655,5.993021161394378
2025-04-09,33.86517645423626,89.95896080394665,12.413209596491681,1.7935601028924097
2025-04-10,16.246117385711123,23.374842720238924,4.0262421564486655,7.051391455705634
2025-04-11,13.571362588455822,88.4021928954922,7.902754865286372,4.551719917336564
2025-04-12,31.057973845683808,48.48355725060094,0.7891906578179864,6.6776059160315295
2025-04-13,11.70787515558358,80.95274152360814,9.510920749736533,8.373670797701507
2025-04-14,33.89667618321834,74.76698388407914,10.860491679153263,1.6972842857692316
2025-04-15,5.364634240694491,59.69113826906675,4.554994722064192,0.1914486799683668
2025-04-16,34.09636480122917,71.69144464759285,19.280576943310276,7.791025863957868
2025-04-17,6.294797358517283,81.49608929109435,18.18909221874484,6.096974251526159
2025-04-18,31.734293410942133,48.28982251557231,14.442864709118117,6.996395696221217
2025-04-19,20.831033272588996,42.892321309426706,10.667732575307252,8.381549749886425
2025-04-20,34.78894388357901,66.73153698945093,17.3993831929537,8.028109348245005
2025-04-21,7.213896942061966,76.5492159358881,2.6130468764692583,9.609201469288246
2025-04-22,21.615628532039622,73.3599594343631,15.8101958854977,5.359350788521182
2025-04-23,34.079076068572974,75.84695542010442,2.496416279336966,4.884956326599053
2025-04-24,20.692935325104465,50.49083203690531,15.884213250988108,4.018871998907301
2025-04-25,23.881959144057877,77.24839513225152,5.515351365027139,1.5369104284420454
2025-04-26,25.872460669538516,28.41463387594259,17.541811620363777,5.726072328820225
2025-04-27,18.636231943033195,58.11423685725947,18.880841876507958,2.7701252432597876
2025-04-28,23.8267424025219,20.40310623486851,2.9759193881023127,9.213075122129755
2025-04-29,22.529429357693008,42.72100809301892,9.25351210130787,5.8319080427709755
2025-04-30,32.034740314729675,45.65230744099785,19.619747563253704,5.928401805081101
2025-05-01,6.363391410243736,47.732088412647876,9.668148719462932,3.5492466087701002
2025-05-02,13.428895687766909,68.68270446829035,17.270950450290904,0.5198935197770749
2025-05-03,33.51234452229676,47.1990670889242,11.774630442626396,0.3174376537298862
2025-05-04,31.70791351672749,51.408553583577145,7.506598158392038,4.233351441531975
2025-05-05,18.669702583571386,36.62808916120292,5.715671110517404,0.8456537809723785
2025-05-06,23.603977934046103,46.12762541405381,4.064461821721745,6.068469555401391
2025-05-07,13.32143548943398,35.9088739084206,15.235963827553945,8.809730056396575
2025-05-08,10.64363479171284,25.123714663791056,7.7308101364605575,8.829148165187222
2025-05-09,18.910952148199463,62.24140153669645,10.225509244015022,6.590454101322324
2025-05-10,15.600566840781585,66.77489589885113,9.846509600023639,2.1123183147293103
2025-05-11,22.509683355526164,63.36432422067301,11.545580584662625,8.629968313588721
2025-05-12,7.332039108949545,52.44458306604007,17.311542912491046,8.860934353132082
2025-05-13,34.23184422998499,46.585004612546086,19.61478687166859,1.966535849529587
2025-05-14,34.586322334388086,80.43335547002776,8.151684171476338,7.374260857706773
2025-05-15,25.944851420592354,56.33572495953526,16.55037844212606,2.8651954892712297
2025-05-16,21.082890990323612,53.54273143408117,15.290555893094353,8.026403123529297
2025-05-17,14.285828488589832,21.7949446064505,11.470579029111466,9.972378999036026
2025-05-18,29.413850591208462,43.887347933830945,19.12094287223866,0.30026005329392813
2025-05-19,25.541935176616377,46.613693315009996,4.009490310568056,8.973658657909318
2025-05-20,9.878508180346738,47.91759466278303,2.1852842061924282,6.226305335986581
2025-05-21,32.32781553481527,60.61206584591326,17.079239339108444,9.733826191648213
2025-05-22,29.67611728769507,57.352178270881495,8.782996332674966,4.650095175264276
2025-05-23,33.49399739875772,62.553356495541124,16.93937708414121,8.473879305713737
2025-05-24,26.771585251650798,73.54182830794898,17.861804103908298,0.6239406859827723
2025-05-25,23.402455878073695,76.90900171012655,1.2491518723814288,3.352790500782957
2025-05-26,17.547291088718566,70.2686153358546,17.669295259721213,0.6701653775120997
2025-05-27,32.9818545006204,86.88665871684543,8.966381107388443,9.753431334790704
2025-05-28,30.98191668501225,21.276280787345314,10.208649780084645,8.169739072718368
2025-05-29,6.356560103185682,33.70445899784823,12.531850221864204,8.525474212459706
2025-05-30,5.79100923491756,20.52940124846995,18.527652134601734,9.379652314338943
2025-05-31,16.293901006341486,65.32322999082221,0.3823218885952806,0.8510348611978535
2025-06-01,29.316599923454987,82.86213842649909,9.536869366356342,3.8559759251333334
2025-06-02,34.618283879448335,37.043760760340945,13.754440848611214,0.7103488904400213
2025-06-03,9.512506733105845,84.89241813574147,14.454139153964569,2.107931015500286
2025-06-04,22.823921460564055,24.21871732026926,13.85064863074216,2.293657770376724
2025-06-05,16.426725698930646,85.410521876386,2.688702588162437,4.691072110475787
2025-06-06,34.09743193443809,44.61358810677441,5.987911767433625,2.685621674536426
2025-06-07,30.26356769407126,27.099457991445156,7.17431050834027,1.009781068177611
2025-06-08,30.149861141334135,54.01102314304279,16.0887441535901,1.674910890941077
2025-06-09,19.06079479384911,37.97435974043556,5.5751974482910605,1.4727556355209093
2025-06-10,17.444585070129953,39.94110313733459,4.214099277344063,9.730767979122984
2025-06-11,13.202212157921187,41.51029754484006,19.148960380761924,7.592925069184736
2025-06-12,6.6912648995278134,76.21181284828644,0.177265702269378,9.67761465269562
2025-06-13,30.941671287651598,57.74128936726781,19.956417113639564,4.397404865079086
2025-06-14,29.387030273902326,41.791538940920255,13.536425977147912,2.783684816626566
2025-06-15,34.991530198583916,62.723364831764286,16.56938598898234,7.982931972091867
2025-06-16,34.89910511221716,70.13054719562355,5.892387926923863,3.262539180411468
2025-06-17,21.662951168078823,39.083680051347365,0.28630555334119956,2.9938337370534827
2025-06-18,28.069622455415313,48.948437106774605,14.757390371230601,2.325059922078312
2025-06-19,33.34297189647284,28.53202653358633,16.682891940013516,1.2967897822423535
2025-06-20,30.489421720322344,32.68045446742762,14.809522639070384,2.5646306101676597
2025-06-21,12.42044305229593,67.6782497775488,2.857005746016772,3.553197484738877
2025-06-22,18.516324059302804,32.70068433869389,15.06855844513938,6.739942081457304
2025-06-23,8.87478245454485,56.76143685669421,15.378455642152819,0.6256484221945158
2025-06-24,33.621530817761666,69.63323832057029,13.170810313401098,2.1050693966534295
2025-06-25,23.1852390335264,27.48138461663207,15.322318655911724,8.090236402916764
2025-06-26,11.859284165103881,59.71185537402325,16.918428793554643,1.4692192358377076
2025-06-27,25.151020532175703,37.95939485909547,12.272082284749168,3.4264514652252154
2025-06-28,23.543847213736875,87.40488126663058,1.7720942793935812,8.6465892185814
2025-06-29,15.744881540985215,53.84819527039473,9.752556193344217,1.5492531114344266
2025-06-30,8.40672776598887,76.41947848426108,1.5529866934321013,0.827368356181899
2025-07-01,25.14719586778399,58.515857950938326,8.150860620648617,4.845379950800108
2025-07-02,20.6092310271138,23.038877299837342,8.142129782512553,3.024195112785364
2025-07-03,28.16955175206918,64.32059629158157,1.3201968828048316,5.634083644838541
2025-07-04,20.604905033359803,86.598233954466,6.976410679389586,8.038048904834751
2025-07-05,30.565445009556203,62.112827410243185,2.2199619758262967,1.3714848815274316
2025-07-06,21.557205163234567,77.34322015987532,16.164704200184442,5.80699084554285
2025-07-07,21.828139146061588,81.89445243438854,18.953760519289414,5.055087603898639
2025-07-08,31.29960807975035,35.96558403642527,1.4463295051587721,1.4407878601319957
2025-07-09,17.104485986371913,34.84313879357586,19.10230414583403,6.2399848552898245
2025-07-10,9.02045685351922,62.76866921956942,10.451531986734903,2.7364041786077165
2025-07-11,5.863480289400169,48.771992886469334,5.9913135590774775,4.878343185440125
2025-07-12,27.65411767020857,78.79029120067042,1.5372415055232702,0.8227232427706188
2025-07-13,23.60928654060394,83.00161863786079,10.012485361408356,4.595840572136231
2025-07-14,26.122393042976707,44.73949655119027,15.890310889814973,3.0646346804282034
2025-07-15,11.388924845267322,36.58093912821374,14.141729545333963,8.223812111853544
2025-07-16,9.091144267603093,74.63678606707032,1.0045202292794753,0.5697872699736828
2025-07-17,5.436339970036458,39.23642248836953,1.4580367073580702,4.1860727491833
2025-07-18,15.51762676419791,77.58300229595748,8.057465652652741,4.58431424131438
2025-07-19,22.697530605638992,49.66167775541339,5.9058098809588655,7.250060762991187
2025-07-20,16.76732135299197,66.72849295040294,4.647686461120957,5.74287575090211
2025-07-21,18.124247660711873,26.68747196842677,5.620089978174272,6.672123371941811
2025-07-22,32.12476083481245,63.67015272736011,16.069654865937693,7.770492856517562
2025-07-23,15.447664010699011,51.62373751160604,18.58456107263708,8.622029736581888
2025-07-24,20.419684674794325,61.06259242228319,8.102053890551328,3.1387549672247053
2025-07-25,28.509590382234293,31.760994542140438,18.122220042649943,5.38022705363903
2025-07-26,16.896283469638107,71.58116214609275,6.42991402495764,8.401080784391999
2025-07-27,23.662601006836205,80.39579542802599,9.528739726875832,9.894511309650564
2025-07-28,30.870911262402355,35.171786006354296,4.520579956319994,8.895193110437631
2025-07-29,33.485618709729266,26.70001888641132,12.809520843516879,3.714672626243768
2025-07-30,9.412204427871139,21.654701023243547,19.57962230349618,1.9516651721865041
2025-07-31,32.79762875484484,64.93800503102862,12.069861920867574,4.893925374065887
2025-08-01,19.763488792386145,62.49658252621465,7.156281682270977,7.416414518360423
2025-08-02,12.74733164896875,58.2688188899849,12.956348919810567,4.925690707532976
2025-08-03,18.77407268714784,36.236296728118276,2.4584135693077513,4.831808633136685
2025-08-04,34.40097725856431,47.36341971338602,17.773181605307972,8.382304210818006
2025-08-05,19.77854281978609,61.613343463032116,10.061679015596727,3.6140377906718637
2025-08-06,14.862548308625247,54.773680120141854,8.98699484079284,8.597946748116456
2025-08-07,24.002025629501773,89.14498641504211,11.717295769070384,4.068048009517236
2025-08-08,12.204368563345792,29.55078267897132,12.495677255788049,3.282331056783394
2025-08-09,7.275899843259918,68.66011878333157,1.4355161245302606,4.53989911199699
2025-08-10,8.866391657319477,48.30231376730045,13.652344424468048,7.624469586748685
2025-08-11,8.841375168733173,49.973973044793034,4.838633606310592,1.2600202786399428
2025-08-12,9.55708080536883,70.23184359607234,14.279052650131796,1.9641921587201738
2025-08-13,9.164815179482304,68.47053059270587,16.450695887683935,9.514448256630919
2025-08-14,24.226242344096438,89.38791955915318,16.079170151050405,1.7549162738135737
2025-08-15,10.456402531974344,28.987600261788767,11.050019348157782,5.6772731793105455
2025-08-16,15.370018499715897,27.287675456891645,10.403397846215023,5.793144666619378
2025-08-17,31.903652297180354,70.70371719901189,2.8575192267882343,4.896244620502448
2025-08-18,19.218849207886173,60.487084190448634,15.506923008062712,6.447452485768186
2025-08-19,25.026732155630814,39.19124665918641,5.428187608934287,2.2982672579761845
2025-08-20,10.169596136048895,25.559355829229062,9.933908456358932,5.526622677767482
2025-08-21,10.768670564260123,25.996077471750137,5.685481858550334,3.7217325524689713
2025-08-22,6.226058487994366,82.59336122648827,2.676567259993863,6.61667259629189
2025-08-23,10.068051892164936,33.430712730312,12.591153937834731,1.4122354337314946
2025-08-24,13.35771017095876,42.63600934808645,1.0866406964580766,5.708774168394762
2025-08-25,10.310314528302404,35.86594815588916,14.972904682524,1.852703553833237
2025-08-26,7.661076012711669,44.849741408235616,6.351735905222333,2.786430631150364
2025-08-27,8.619076133018025,24.859668992226535,0.0026938600897064013,2.1870980032358323
2025-08-28,18.823363040981775,56.334185363578925,10.222582784744596,1.828377798688171
2025-08-29,11.190011552173775,24.73287945145504,0.9370381705520625,8.25710951560667
2025-08-30,15.928095831442263,76.02495554756531,5.52339115641799,2.857075676608903
2025-08-31,20.10251812564571,36.35984573373031,14.139529749114324,9.271237818644494
2025-09-01,25.71184485888096,57.80083402231574,1.2537924324373173,9.699265253451909
2025-09-02,6.179364195232968,81.60553612930208,16.78676984712005,5.712604699370973
2025-09-03,28.98231196727128,65.56141583330358,0.07639845317166216,1.430011226657264
2025-09-04,23.837011684727234,57.307045058593474,4.936477384038045,3.7454824337958126
2025-09-05,7.452770958466157,42.70336271807629,14.818081123041429,7.9773226334821405
2025-09-06,31.207358723203317,43.31013391407386,6.325402994586136,3.673907286970705
2025-09-07,32.626172015954396,66.86408686387331,2.0378477613202706,0.8701721830278875
2025-09-08,6.832338795645913,89.58975528548173,7.204678376008557,5.567849109281879
2025-09-09,13.30632944441611,66.3287432894565,5.407865727690511,8.451208514960348
2025-09-10,29.18603839379184,59.044839215901746,16.854238043211097,7.959263871435024
2025-09-11,27.44779071150975,71.14553571674722,6.266958351702863,1.7512314013035324
2025-09-12,10.53563058069132,52.56439285986027,15.778649435520144,6.727646144124667
2025-09-13,11.28047970010131,24.209963982054965,17.837442896214696,2.205042634356471
2025-09-14,16.11416308374146,59.360777111453686,8.67634839153059,2.1820753455217226
2025-09-15,19.53568955573064,87.03376991537661,18.19886287708784,8.740717733051852
2025-09-16,23.54764314590888,32.271205965036174,7.546361079263857,2.4966895274023013
2025-09-17,16.067409187093173,68.3003423574466,19.281568329802163,2.632473465180112
2025-09-18,18.876041483994435,34.06535820613395,1.7857904905114586,0.006533907612995549
2025-09-19,27.424128144012695,57.50793791311569,13.740385330064855,8.706690341255177
2025-09-20,6.100496086717937,26.767351475270374,9.876280809138574,7.925948132091348
2025-09-21,12.573108330320622,51.52596553807296,7.752976109112941,6.27328935090678
2025-09-22,26.400487576536573,72.93143302266722,12.654237574972019,7.502657639388422
2025-09-23,31.85620513061598,44.330006696728745,14.077141832686625,1.520485674244918
2025-09-24,20.35032326346998,66.54382071410527,0.08726539300618175,4.583235945875755
2025-09-25,20.96340455795947,75.68149725528104,3.3390617749439744,3.512193873487809
2025-09-26,8.215160340193282,84.90244736356169,14.260921012686374,0.9377652625701649
2025-09-27,18.42237100470364,36.42494572988175,13.327708271564129,4.861304852149241
2025-09-28,20.978517993650694,47.95211410665157,19.320950102573544,9.207396503426354
2025-09-29,12.27411510904189,30.66912093312922,15.22075580501566,0.4005911905069448
2025-09-30,13.077296928481429,89.47384515108627,19.01545415462676,2.9146091349379386
2025-10-01,16.31852489313868,84.89006775470067,14.05081003069614,2.0754093620570346
2025-10-02,5.602135933331791,57.79699911963917,5.9610441727888634,2.381466536656963
2025-10-03,14.66237496749535,78.94233060634949,2.1072984450171295,9.084345518793754
2025-10-04,11.34344020989634,56.467058409042956,15.636477266898712,4.6806905423429015
2025-10-05,14.82492056533744,63.65099816019318,12.882984429518318,4.662994129398188
2025-10-06,8.592863954577536,26.238710248121162,0.9637202478659246,7.605756424552823
2025-10-07,31.715818422196847,72.86892943477656,7.201009318019567,1.544922040049258
2025-10-08,22.80777360662146,28.93994385446644,19.135996309685723,4.872653541000508
2025-10-09,25.37306957433469,77.824734117677,10.008022914204025,4.2998521412105974
2025-10-10,28.67513715822015,74.741966136927,8.654582720394092,5.969106905466561
2025-10-11,19.95326596787172,69.61212884200836,9.15399210318588,9.995577032504386
2025-10-12,7.6076086426227105,22.531226636733347,4.177654480103275,7.694488940820471
2025-10-13,21.113196254556435,41.218984916173,7.374143417295905,3.978657030174272
2025-10-14,22.605233540626372,38.417879893759,7.396265119743532,8.27553052274047
2025-10-15,27.3631842255299,45.20954852300633,1.047100403749448,1.7070836331248018
2025-10-16,17.94978638689038,26.134992273468697,15.351352570358365,0.30463686308960125
2025-10-17,8.827409083866913,85.5870476121744,8.33008863807758,2.0444837246427303
2025-10-18,13.513277173961734,58.76615684986634,16.443597736328467,3.4041155611425964
2025-10-19,15.892468891959053,41.38670174606165,17.00696002239791,5.105807574595599
2025-10-20,24.377517239948038,47.788706195199836,4.239881093973161,6.151291405411998
2025-10-21,22.123349140067358,51.30417783533849,13.14706964340257,9.106057172144217
2025-10-22,15.682901776935388,62.04160333524321,9.445636083259634,5.0985400955045765
2025-10-23,34.59545746378939,56.09755993875484,17.6031347584297,5.012756446257294
2025-10-24,23.173244580706616,84.35743812500921,4.314813583529082,0.5024300982298213
2025-10-25,12.116803752079834,54.78744380340812,13.556264006200884,0.3491155265622381
2025-10-26,8.053474178612113,89.45106103763189,12.155042445054452,5.511599619163721
2025-10-27,9.585774175529961,79.59974704215671,5.906029551436656,4.381786132483445
2025-10-28,12.378731851535244,34.59573600501351,2.7320180730234522,8.391803949802986
2025-10-29,9.820441197786671,85.14166502507413,13.032795209545531,1.6067958471184518
2025-10-30,10.597010721539172,28.145647851983327,14.771949162646614,0.24971662117049598
2025-10-31,13.552855060815412,77.22147959438341,6.3125468752669995,4.490387679301259
2025-11-01,10.201207858842645,46.6436305433606,12.896652080446277,2.374785567522575
2025-11-02,31.902962738792755,81.45820243115486,7.902618152230065,0.4961437333883745
2025-11-03,7.407012369849266,80.76396830752152,14.264137665652354,7.24598286847629
2025-11-04,20.735341687107642,76.41477800823348,3.984305497881062,1.1159299995724747
2025-11-05,17.311904809689846,75.3021305414943,17.804300052723487,6.083195000077717
2025-11-06,34.47135850725819,41.32753973686285,5.748191929311595,2.8104975016688916
2025-11-07,8.36116706504157,25.664349813587652,7.355719755123058,1.7349605035502202
2025-11-08,16.935667971372247,48.208612513561306,1.1618390416069957,3.7975152291931744
2025-11-09,34.08411299826106,32.146716049055605,2.230244246425528,8.014457762229537
2025-11-10,30.965213776819407,68.64657622317232,10.317238054246562,3.9209357690457267
2025-11-11,29.512162128478398,44.22698085764499,5.35185353455943,7.507696492110557
2025-11-12,12.737084811348195,88.29271406019404,16.70960451484389,1.2548629679915069
2025-11-13,10.126627621701974,64.86804541417324,0.29386777309907686,7.727714196650791
2025-11-14,25.05929659773293,77.57363945440527,7.581880973438723,2.3693332490664867
2025-11-15,32.88127967382758,29.276727091929388,6.7469109353818535,6.773931298888728
2025-11-16,21.702886790417892,80.34101375908358,0.3865526183520207,5.657815548409964
2025-11-17,22.148380684096995,84.59300333593761,2.4873679800102044,9.291447172116873
2025-11-18,13.399372809808526,54.09433431732551,8.272853498372704,3.87322517975314
2025-11-19,28.084787995758106,62.43770564256842,9.857291688948933,0.6616518883444045
2025-11-20,10.6113124567257,73.53668606320969,8.085794945097382,0.19155485551252904
2025-11-21,14.71037709212731,32.23870390822888,10.618753568241877,8.26858560972753
2025-11-22,17.763093158492502,55.17962535244097,11.90263349811363,5.247356376614322
2025-11-23,20.228311360533652,47.906411944061915,0.1984764225567126,7.752440518349493
2025-11-24,12.272291972452408,30.24617945135744,9.281903189070078,2.3442560001151467
2025-11-25,8.445104742176106,45.727409560407196,19.269984817751766,3.450837455132337
2025-11-26,23.318601273248976,24.772061656984548,10.380645602590974,0.3010387221131894
2025-11-27,13.658916597207673,21.80683348646409,13.550845349179063,9.614923245741121
2025-11-28,22.437146642678368,29.461640240837593,6.237277158337664,6.678679067008134
2025-11-29,9.63088145822607,87.41805781124216,15.47982756305525,9.332050877593062
2025-11-30,19.434203055644524,58.467067512651184,15.458429637522302,2.6549640742907235
2025-12-01,20.977682976547577,87.6075512807254,10.425920953082779,6.114636112256608
2025-12-02,6.554706104672807,50.27485148310924,19.52027646558427,6.784999682926378
2025-12-03,15.098128345817617,41.82712931596817,2.5110042952530676,3.1754970025758844
2025-12-04,9.032440308169228,55.429930398817085,0.33895329779161987,8.4810923501563
2025-12-05,6.901249114183033,50.76581820430371,15.403164235141919,9.471614629002477
2025-12-06,34.69880697169836,27.396527898322073,16.14311074729765,8.848551176960044
2025-12-07,14.67061534924169,64.85784202831444,2.404144582411525,7.390669759393726
2025-12-08,29.296233375639044,35.12267277567197,5.3116566591721215,2.7746467972495403
2025-12-09,12.639219642912916,63.37115684284807,0.3510472673325782,2.8161604210563174
2025-12-10,25.44508166671788,65.51407646787074,5.866172215611294,9.633603204460378
2025-12-11,27.806835796690596,30.64173971900537,15.46283747837343,0.10284495935692028
2025-12-12,22.869162218235328,24.29447389774677,10.359210554251579,7.160499732421445
2025-12-13,19.14728565650475,74.65331102479078,6.961911863365762,7.062461625552622
2025-12-14,17.355227424418054,52.18602966385241,7.434785898126606,6.226895409497974
2025-12-15,15.46604799628986,24.071465685383306,0.027072514309363083,9.901088460868658
2025-12-16,32.88587432743478,89.6406422018837,5.9960105513047175,3.1187943576372525
2025-12-17,29.918582233631874,24.044639269745666,12.92917483275861,3.399718637932482
2025-12-18,33.95080731999538,68.65246602009873,19.483888876327143,0.7893940294655555
2025-12-19,8.728916704566341,88.85752476843895,16.94121653967799,4.4279813654373745
2025-12-20,26.92602425610933,36.742607295114794,0.4718992929105825,2.610485262348481
2025-12-21,33.150213704631135,29.95745580810373,17.97121209349679,3.433867021776442
2025-12-22,10.436991984969804,28.496945759570025,15.66396826597252,8.345717902556277
2025-12-23,6.994888021003325,41.22926032973169,15.607522471419609,9.354845135274957
2025-12-24,27.233619478701772,27.07320677074527,9.15991518007143,1.8573307200518563
2025-12-25,22.234193395397355,68.45129391858924,7.960105859090056,3.7250893155346585
2025-12-26,30.254863302748163,24.36042586910439,6.058314576663852,9.286305621153941
2025-12-27,9.193171298788684,55.65954897048528,1.3138971790873155,0.6180846068922263
2025-12-28,28.858019355796706,89.76877976970837,4.564707269873982,0.9236052811137851
2025-12-29,11.048819601432335,76.97791886542132,4.932072699560493,1.6279098920622936
2025-12-30,9.909678285971136,63.06536067617076,9.681541394204032,5.952128341268748
2025-12-31,9.927973937929789,41.43775345506282,14.948888131933879,1.5047227100599747
2026-01-01,29.437241606941463,63.672708540414696,9.476196567958933,9.680763814507335
2026-01-02,24.955916620886004,56.89290247381562,1.1568889889432121,4.467145272585204
2026-01-03,20.69196274307358,49.82583687232601,19.15579601976408,5.015179603501664
2026-01-04,15.764914523705075,29.149726371813962,18.854486381882246,2.466586158054065
2026-01-05,31.31601622439325,82.06229506683266,15.703790862968168,4.709602524347335
2026-01-06,16.773353222679063,51.484925417492576,19.82655803128441,6.619136326370115
2026-01-07,29.497983184147312,33.62357582745356,10.889646656005258,7.511771369540428
2026-01-08,18.17404725710655,45.74315456141027,19.255367005064123,7.53868082709913
2026-01-09,16.308332882747226,48.989082677024896,1.5121008123350155,5.7789111269408835
2026-01-10,18.880393570088195,77.9276526896812,7.313614965227426,9.043597749938572
2026-01-11,14.041336224924262,71.35300663929814,4.507625360135316,8.174078473061094
2026-01-12,27.428281405287535,73.85134255489379,3.9166616826854006,7.570481146986254
2026-01-13,20.081611702774374,20.772188510005304,2.8160589778535217,0.5560552168046062
2026-01-14,11.96638085440452,49.130779872583304,12.448272831319933,0.06877962219649314
2026-01-15,31.987237198237054,53.69409061447266,15.626437114946102,2.1244727719547294
2026-01-16,16.516736641196342,21.343459377613968,11.565967988407213,6.635235939134523
2026-01-17,21.306585833419657,38.186924612152396,2.9392541917641934,4.111974888825458
2026-01-18,32.19416332893641,73.22028761854945,16.222475398669417,4.0240625929931175
2026-01-19,23.727139877419763,29.597679401029936,12.71909414327457,8.845868882296138
2026-01-20,8.506941221250923,57.47170920168141,7.76331412253991,8.955628481318387
2026-01-21,33.19496370840425,35.06413104120662,13.48260591072126,9.091752640535857
2026-01-22,23.831241592142536,20.84845422507253,5.1980995848566565,3.138780765150273
2026-01-23,15.047168439712584,36.8841020319679,6.90384416988421,6.910558127392617
2026-01-24,9.178162179901618,88.31116284370377,18.349716862639806,2.7163318127436966
2026-01-25,28.820755678108878,76.10759783180927,5.810090113428408,1.9060983307444979
2026-01-26,23.602182677855406,87.17036510247233,9.399765363158732,1.8463245734736922
2026-01-27,21.003832759289647,54.149783074845374,17.802822747920292,3.4210762086359403
2026-01-28,31.81677749152873,27.681533907425244,14.154427005350549,4.299576197798217
2026-01-29,28.657916336735923,58.35716422815851,1.244064523294055,8.309491710550684
2026-01-30,9.550246391982535,51.80641341919726,2.946060885579407,1.198910934727121
2026-01-31,14.351662033866447,79.10499579177312,0.15683181543833635,7.349258473948942
2026-02-01,12.454674194433972,26.865780654897122,12.618435804583267,5.314549141893053
2026-02-02,27.31838877718031,54.176879591524475,8.953468508208367,2.879453426759925
2026-02-03,6.005973042073381,30.5034065285789,2.6854970180455107,4.928195845328246
2026-02-04,22.096690546139495,42.7273148823042,19.15868242113541,2.9994206977702262
2026-02-05,27.873760572220718,71.61499541714598,10.593194478912398,5.96081955238306
2026-02-06,31.302969102852483,53.32126905581366,4.837865882257784,4.338439228552442
2026-02-07,15.262452461477224,46.31217996020385,10.01207142309415,1.6440552907887873
2026-02-08,29.637719140160385,47.61333949990247,13.592406654702156,1.1658307455569672
2026-02-09,8.318952108656216,52.16127378841907,1.5247843594712895,5.466956820721301
2026-02-10,30.393568752035545,74.95115806859398,5.49407630095784,9.024130332861034
2026-02-11,8.824659869959472,82.4459282258164,16.139309817679873,3.4395768655768553
2026-02-12,16.918618716811018,86.87342805527499,9.193297408053224,7.330001072226232
2026-02-13,28.918860973386607,75.08323703787066,10.931542840645898,6.586613549397669
2026-02-14,9.497522820463214,42.07848270236089,8.656320044189385,9.31554914309481
2026-02-15,11.877541856979246,68.16942942605795,0.8779988528601024,8.209810172991409
2026-02-16,26.667577051791987,50.63221868387743,3.3149955964031186,5.66605258905463
2026-02-17,26.601096096382232,37.82694354322358,8.910832774837818,6.570304982341073
2026-02-18,24.234428986558918,78.86101055981459,4.183709308158557,8.983864665840349
2026-02-19,25.818453334013,22.68984442736275,0.9995805731935747,3.995187845869348
2026-02-20,21.281733300427884,83.12333944947964,16.872993281036475,3.2679470585777737
2026-02-21,12.553971767208584,52.30342252373139,19.623850583282316,0.10811083635196339
2026-02-22,15.370879805117584,64.60410337657963,15.862857479934789,8.265510741914643
2026-02-23,10.44793150404277,66.15477455440478,17.07569843409334,8.009807004033648
2026-02-24,32.25351684000885,82.65824184945754,4.839542606340908,1.0445451810015138
2026-02-25,22.501753842983614,64.56687775170451,19.212539510263994,5.768573811327002
2026-02-26,17.025542502909197,62.975350933204325,3.9385140890685677,4.639816981668874
2026-02-27,18.860174109323978,24.6656428392483,19.028596207236646,1.1870909550911146
2026-02-28,33.41850018835446,56.28856153616429,19.89638587931902,9.805682270607235
2026-03-01,9.600542093482407,30.511830057192917,14.234456114920974,2.1469588746335546
2026-03-02,22.586894960503916,71.62036381050399,19.62287463583644,0.6723418009056115
2026-03-03,20.17666036653398,55.85553445688721,11.390795591342073,5.948473795019096
2026-03-04,23.343627063039435,67.61594454458474,5.190835663521806,7.3886667713303265
2026-03-05,5.5433055146252155,22.9171030421669,8.739917713312417,0.32443446047186963
2026-03-06,31.163717268324543,25.935441123206225,11.87121870757572,6.587176387270222
2026-03-07,32.96354847450837,70.14263716438776,1.4616312405402998,5.322918759514544
2026-03-08,21.953995507676268,25.045903519907135,12.446865292344922,1.0326500887504841
2026-03-09,25.899524716306768,24.9879709435681,19.62355673524589,1.7252387694636206
2026-03-10,32.67498143531887,20.84759326644212,3.8021529956745526,5.679742973160805
2026-03-11,26.21715902940196,86.9550978809636,15.851902325767666,2.9635761351328838
2026-03-12,9.57617128742784,71.62558516213048,18.15797587559239,9.38315728651316
2026-03-13,22.288650805004394,44.72759859514449,18.874031856404414,8.187402294840508
2026-03-14,23.201451391485676,40.75749069013587,19.202712088108946,9.835672065136631
2026-03-15,17.72392013907158,44.479226082209465,10.429192774429438,2.5967083895041396
2026-03-16,27.093327068741687,74.22574718268274,19.546158159830075,9.69723632797977
2026-03-17,33.03101044307044,66.29594277492902,15.146204142688777,4.312338697915578
2026-03-18,32.767055387203285,32.96368975072276,3.233428724739238,3.4751879531375462
2026-03-19,18.525181142123962,32.18765347338591,9.5380021293594,0.5034952696935324
2026-03-20,8.397141375222658,26.88769547993781,14.36662350744008,0.5276525785960262
2026-03-21,34.54523596887004,66.22119037909367,4.946806316381666,6.920112559466547
2026-03-22,30.166942593378025,73.50608635552152,12.812303670977748,4.579289944340279
2026-03-23,8.739880436098005,38.55324998275028,13.332009580932384,2.265216260361057
2026-03-24,32.625256478521166,21.466147272163898,3.2539948761713178,6.139703063252327
2026-03-25,31.096890861863848,25.752016723349914,11.301706249055126,2.528581182501112
2026-03-26,20.56514171378216,87.75020243915213,15.432538219572153,5.776317543444226
2026-03-27,22.738263072347877,40.68113442341942,9.977913290718838,3.5920874698269034
2026-03-28,16.970081116103906,73.84562034866934,0.2420623355221485,8.23552226611819
2026-03-29,6.64284916466094,63.72644981979846,0.18076938158584355,8.206961607667793
2026-03-30,15.055917249377028,46.73577477570271,7.140586879400244,4.773503981224013
2026-03-31,29.085603457940344,34.398108353688855,18.52388136863564,3.508191093350156
2026-04-01,5.138960690138086,28.49704927115845,4.573535592072176,3.6255979655909454
2026-04-02,15.004975150734325,63.05090776272066,12.687273777433743,8.05714525668218
2026-04-03,16.9450608077283,74.22436464464516,4.4415174138664115,3.28179482797612
2026-04-04,21.121868088137685,65.07329774787914,6.433399793190972,2.09059373706846
2026-04-05,32.59566849238281,57.12114932744108,16.96084179202968,0.8468834187530683
2026-04-06,15.390379830978837,22.93658564021454,14.577228845398938,4.666931208844084
2026-04-07,15.40859605688683,87.79421443160686,1.9079855462642126,4.821320989198419
2026-04-08,27.125037443292452,75.90999341582022,8.574040419728671,8.409087104029071
2026-04-09,18.566538226694213,40.497542569067534,0.5833952729052894,2.2123869644606398
2026-04-10,11.738144688199458,88.59792305511955,9.61780293206018,3.809912736683999
2026-04-11,18.5731854839808,62.131711274542546,13.24868023402136,8.084057388936909
2026-04-12,9.225710611393996,60.76958607450725,2.370052471963031,8.236236107489734
2026-04-13,10.2916095951867,72.36512256006725,5.777698778183313,3.846110759787682
2026-04-14,19.951033182184393,76.82388516630962,7.956732510043139,4.591240232866809
2026-04-15,17.56776348513644,65.9535025132052,18.390620493120995,3.0328589084928295
2026-04-16,32.445377032043,28.966702245634004,19.86510030845928,9.32554878419312
2026-04-17,15.871816973498994,43.67872541961489,0.8982259799123171,1.186437657415803
2026-04-18,22.417650508341303,84.96585482282349,15.22015846990784,9.3374942300147
2026-04-19,23.96792863758591,35.723092829069635,7.434481328046864,6.838664518353433
2026-04-20,5.392833697650009,46.051691668625935,7.849163724589601,5.315721526867312
2026-04-21,24.906121160501318,50.24538180609372,15.085299466940453,0.32659060784495875
2026-04-22,10.341079006092542,50.758349278611654,18.368528642908174,4.755961918220083
2026-04-23,33.832109524083656,62.905770774616784,19.018571890050968,4.077481050027323
2026-04-24,9.459881832593389,86.01530864212953,11.542451720766415,1.6121881197512256
2026-04-25,17.43872371181071,36.84848982827535,7.142423186010056,6.564096035006569
2026-04-26,7.560490042359316,28.505096341064267,15.750981717175584,9.711509073682858
2026-04-27,34.90622755537842,33.82293429019561,5.020027665246005,5.621888110645251
2026-04-28,20.065850309937275,82.08474301464886,11.281480576670354,7.147532764439458
2026-04-29,22.861550519601312,65.20675688586442,7.171569230497463,0.6845045256601678
2026-04-30,7.012294321652824,40.01347524674121,13.132621474157522,4.176669958169947
2026-05-01,27.498814111975335,77.11628572780322,4.807978257870138,1.1635848516449587
2026-05-02,11.297167792867572,80.29589974544052,3.8318589146965154,6.127958355365104
2026-05-03,31.941628683221413,79.25600370831947,18.364781733508742,9.384821582141546
2026-05-04,11.154189214460215,84.32485735476881,2.036073658990738,6.617777324716386
2026-05-05,10.720631619909998,37.65687141213531,10.119158154698633,0.7680304831442153
2026-05-06,6.096490035442846,72.85293501223947,4.417055659260178,3.5466620498508283
2026-05-07,19.162008353299978,52.2377648091898,0.778599266513349,5.506633794408515
2026-05-08,21.945233997878493,78.9398987023043,0.7203763658285278,4.032077561332522
2026-05-09,6.971259182850571,70.99434740131292,3.504435442116547,8.336440104751723
2026-05-10,28.26582850085032,74.35132125498072,17.335407090120004,8.146710047099893
2026-05-11,18.598665042440828,65.93132863767501,5.649574879540533,6.118310201032214
2026-05-12,20.7317080798274,32.42001386287948,19.009183411505916,3.7345794513270523
2026-05-13,18.222882408146845,58.15188432278568,11.632445859783871,2.5533637376324414
2026-05-14,17.02289182625978,88.92688176671557,8.732283795375322,1.0587431821312931
2026-05-15,21.789209939246536,85.61716465479833,11.601776693389091,3.5489768348655404
2026-05-16,9.657207377921376,23.022161505790816,10.333967704525355,4.1317251720771955
2026-05-17,10.457843914858135,31.537037101060598,15.175525075146503,6.758229251040736
2026-05-18,30.85356863040552,29.22101414181933,5.649921319457045,6.581598242975735
2026-05-19,33.38346386400898,70.81859369897069,7.061007832006048,0.7010813964125695
2026-05-20,16.199279488392587,77.24497308998616,17.881886050665013,3.952593154311578
2026-05-21,13.122340194306613,34.94579564174703,18.92913026300811,1.8177886721736192
2026-05-22,24.319986297170473,55.40968850662803,17.85116454972949,1.568127053168057
2026-05-23,17.26202513294289,78.849211960784,8.388959879146272,8.27302149737246
2026-05-24,5.761590669810346,71.29610813363755,15.607310060137634,0.4191521671625753
2026-05-25,9.68457792098571,57.95660438442938,9.526714666021975,4.191828759021213
2026-05-26,26.479166865421927,61.3243383321141,9.950797042922044,1.682036557665182
2026-05-27,24.76771825730454,55.5852382841396,4.093602181145679,8.79330215678474
2026-05-28,5.812879775104505,40.828391592317445,11.82260606517033,5.570405132750351
2026-05-29,11.659164857988483,59.55153950013113,3.7227179550669587,2.3138063637684803
2026-05-30,11.932243897642142,68.22197114350635,6.631293981343875,5.024272871663764
2026-05-31,25.15678230796185,81.13260411025654,17.100604032398703,7.314863597031158
2026-06-01,5.591316132630925,64.54039477854737,4.141516184217105,9.581180089194337
2026-06-02,8.123257459537214,73.27850759302106,1.4231657034686562,2.2044600424541896
2026-06-03,28.99748256119568,31.20501444682011,1.380151852256326,8.861817721293452
2026-06-04,10.356339861630008,52.309023209385295,18.815690410062157,9.343041141674902
2026-06-05,24.58238323555624,20.653213387896532,10.138408759236693,9.164205445320663
2026-06-06,12.145483431401797,37.26752051651361,8.188241436340366,6.354143568619098
2026-06-07,7.983241782780355,70.85232005791033,16.217571620158367,6.298206544347077
2026-06-08,12.295165729983623,89.42669659445544,16.71651855821032,4.032106331838228
2026-06-09,26.668007955669776,26.942466971105112,6.643820662312092,7.523978823037879
2026-06-10,30.67089404318857,48.10460211029017,13.872361149475905,5.312940183509319
2026-06-11,29.906595937009747,76.00496780894116,15.422456317037732,6.7743807122829445
2026-06-12,16.915505888553646,34.28249442402292,13.09301373731909,4.284579038487955
2026-06-13,25.042554097119385,58.85594645116004,3.0319014960019874,7.31496464043139
2026-06-14,11.149528862474629,71.31499072207723,17.51766167034114,8.24471517604549
2026-06-15,13.794431907830397,63.118981518212536,10.781891054720173,1.4643625660281612
2026-06-16,31.890074555633593,33.16173142307913,5.649448527400073,8.32929715574228
2026-06-17,5.390057705322081,44.87691980800176,8.504563708753878,5.402965317903073
2026-06-18,7.565255925634043,74.8654249139778,0.7514218079781476,8.446659090902243
2026-06-19,11.23658765438082,58.79585598924116,2.557336024448351,4.313017063410146
2026-06-20,5.795966116214592,20.366072948003893,15.310935010317216,3.79040485383035
2026-06-21,10.443063052693919,73.26935320196657,0.00023269510732282228,9.150607325172224
2026-06-22,22.491246829090766,22.471794845816735,8.331316569645843,2.5116926754840128
2026-06-23,17.64273651777494,72.20136479118625,10.450203621711768,8.442123252861432
2026-06-24,31.780151332309245,34.173639211566616,1.092688400019446,4.840205725094041
2026-06-25,29.523306852153226,87.06514360835662,19.461563259446656,5.140954425512597
2026-06-26,15.25452055093628,45.75585259114591,4.522506624993438,3.0846828148948404
2026-06-27,12.782703002938774,42.88521314366554,6.083974392725617,5.730422006190157
2026-06-28,16.390772245018006,30.422163523271127,6.078850245100547,3.252111962762113
2026-06-29,22.708848275444232,41.39229508431504,4.608333242346998,0.3926941424165231
2026-06-30,13.041909224686288,81.36555332797404,0.02947644172622832,2.7199860534435603
2026-07-01,23.72446723547402,89.7434036339073,14.586895881759927,0.06379043406590679
2026-07-02,17.282349565737213,45.78166713547938,19.336909995985707,9.783547870568567
2026-07-03,21.561415425559407,51.40274416681798,4.485869665700902,9.657472098197475
2026-07-04,18.0837958740595,70.54496567419159,13.26094383606845,3.9515529747230502
2026-07-05,13.83397278625753,82.03370463255521,14.837926539174301,7.28370854339646
2026-07-06,33.4535992088647,61.51310339307489,16.968507581810496,3.45806098410425
2026-07-07,27.908173824792826,47.40679887244805,8.452583940272183,6.710931570859761
2026-07-08,9.203395272993577,48.88352885940366,6.058618112808585,8.05430043045979
2026-07-09,31.054039276937385,68.69327025477648,6.505902680460622,9.467562446922408
2026-07-10,19.62293594748541,20.22527845229951,14.252426661970256,4.00212275849672
2026-07-11,31.83656680682274,63.371253622188846,16.33558933011272,7.832979829560477
2026-07-12,28.995657678419455,44.884510730895016,3.632279355132053,2.659284506321188
2026-07-13,17.756405134077003,75.59381318939589,7.418820163155305,9.903323037936483
2026-07-14,5.674079249603522,26.509344787619252,18.038803934983,0.2576959876435114
2026-07-15,13.060320781548382,61.17415868638734,16.133870393894785,6.035288065011209
2026-07-16,21.249026439826007,53.668102292028664,19.697168055249517,6.595059816513271
2026-07-17,24.00434659478442,64.96278681336591,15.084965193641615,6.880455570741288
2026-07-18,12.73663056299607,24.539751613807784,7.863904020558445,1.2038757878908901
2026-07-19,9.180682222184725,60.59886511996919,11.812756679892756,9.385297834731304
2026-07-20,30.047907103978975,59.30392115716666,13.220285084946406,1.811832790500828
2026-07-21,34.532065421106566,59.24620660913197,1.569116326342479,6.2275340323984105
2026-07-22,20.770705469080575,62.24413666175184,10.889939182077303,2.2267607912308494
2026-07-23,10.150378575449105,67.35275560584535,14.186416569452192,3.0721641702127087
2026-07-24,13.169219795581068,76.34922997765389,3.3464260800212076,5.464585417281244
2026-07-25,5.551720296424002,38.887450408975,15.612634348511143,4.171934185645765
2026-07-26,32.428964196814974,77.75345871260434,11.675455610282233,1.6022560097650629
2026-07-27,8.532532486704234,54.877897758441755,19.04443571395189,1.7093640242084829
2026-07-28,22.295494265427607,25.39407953940318,0.8484459641378339,4.181447881627997
2026-07-29,13.22165662061618,24.098565047078544,5.306522751109339,7.572829782755007
2026-07-30,21.6253400754738,43.39668230872425,12.031077585996481,8.979646468477885
2026-07-31,24.542611650555926,74.94278839780273,5.9311982441186135,0.8412766225938284
2026-08-01,29.892254111216047,69.5376654318641,14.288483281424844,3.9310390755940103
2026-08-02,11.192638152818096,75.20304752706845,15.18010565043862,1.0024556372287663
2026-08-03,5.3298748597544146,56.208833950912656,2.050319281329489,0.16592480632597884
2026-08-04,9.106568902064218,50.81392985688434,10.277089284135354,6.617186826439566
2026-08-05,32.00055925544315,30.321676869439877,10.177811111821118,6.024494419665878
2026-08-06,31.216702326875456,42.97349275265181,7.385615404310821,1.630191138148862
2026-08-07,22.922393065109247,50.381355632171264,18.65849725139344,2.3381283309306413
2026-08-08,23.0155058130096,26.202030077573205,16.550126397464425,0.2370775364451838
2026-08-09,24.951100236387664,35.442836689784784,13.944187638192735,8.349472056944037
2026-08-10,10.261138358703487,61.87577058446172,14.286532714699952,9.746905960485515
2026-08-11,32.4323583777488,71.49641799674329,9.234322876262382,1.354595367946908
2026-08-12,17.563115746762193,89.88432579750648,18.419890421931516,2.314752137652981
2026-08-13,16.494155847484926,85.31793319404903,13.891908545065707,8.68409523946934
2026-08-14,20.567531158485124,64.9795639674634,14.57962123311633,9.264637979561849
2026-08-15,6.408979003251652,49.487363730585045,17.233818075746903,4.196273828068104
2026-08-16,9.988501062682381,64.5324155295763,5.48143178684382,0.5062247226907413
2026-08-17,27.141008492791112,74.99561326561624,16.14141807733406,0.393918336928194
2026-08-18,7.4839600377537945,28.283533364637112,3.9048120591298408,5.739498660690105
2026-08-19,23.094563283991647,48.693342278740175,6.906839044897756,3.9289510889317905
2026-08-20,12.360473290439629,78.7861599944932,6.712209085396854,0.28652427577654516
2026-08-21,16.678868421259295,46.868306635313076,19.57050936778281,5.832523923125567
2026-08-22,13.660812103120996,60.03105898590306,17.130744474958536,0.11302536589022472
2026-08-23,15.670181493948474,61.143855260353874,14.023397231805195,7.87371958149273
2026-08-24,26.571377155527365,32.91333771935476,14.541135232307802,3.064328227033716
2026-08-25,13.913651468695251,45.356480915660185,11.241455888051421,0.402580030092321
2026-08-26,21.992139208906917,43.415790211935246,18.94181334217038,5.883522209831533
2026-08-27,19.28151206597299,21.833769597244537,9.92517505764723,3.976844144330547
2026-08-28,24.910134960879443,21.693423472394866,7.610354197397891,9.738004133571495
2026-08-29,33.10489217974274,78.21879305730414,3.26070673863182,5.441986625037022
2026-08-30,26.97716291630751,39.11495669809687,15.72411304522116,2.752391810370083
2026-08-31,11.448211357722702,56.26551363671708,14.68887864151183,7.094388646339747
2026-09-01,5.93549405183854,40.910790151214115,7.687100770482697,2.714920025427113
2026-09-02,12.867921328994752,85.84754715807384,0.5038682791845872,9.04243291407565
2026-09-03,22.852337921007646,38.150773120604164,16.779946554360215,3.747219705073764
2026-09-04,6.542774404527511,50.07597689172546,0.22835966908147265,5.498685627762052
2026-09-05,19.890987416037092,81.09111753392213,14.073995592581019,0.5057310382422886
2026-09-06,22.905285467506676,78.93534967542661,19.40514219452114,4.261212379522307
2026-09-07,15.027316724508825,33.02709924923941,8.75322656296407,8.32363539660995
2026-09-08,28.12736611237466,76.18503168569973,4.699468099919056,8.05648805363342
2026-09-09,8.197947594013154,52.073082071652486,14.097420200867635,2.2431855885352627
2026-09-10,7.254133452074263,53.80782104597486,16.342562840311704,2.260790710105627
2026-09-11,26.8456626861081,29.343598069116062,10.928606321556947,8.173053122132368
2026-09-12,19.864739486185954,25.642105962998727,19.340705505122923,9.303984201693256
2026-09-13,25.65207189283208,70.95575148816357,1.033374433159222,0.9536092127300355
2026-09-14,18.044820158112387,54.75228066487098,10.095911966090563,4.500586394262252
2026-09-15,12.392060997173203,50.57954918306257,14.369078946451001,3.3745427896422897
2026-09-16,29.573069530225993,71.06557600566777,17.252809422983578,8.706884554574394
2026-09-17,28.982476369069378,73.58590292937768,3.585112238155801,0.8352491468001877
2026-09-18,25.840894125632804,31.12357173685475,16.00006963527363,2.111259425580374
2026-09-19,13.164354116898881,62.71576046343489,11.054141514370905,7.524683375864943
2026-09-20,22.706920006072615,29.474785759437985,7.931073639799264,0.5129384898121558
2026-09-21,15.829216908200804,72.5962560220332,2.6343005715818713,4.925353807142892
2026-09-22,7.747462199799024,65.98686093869976,17.30591517817825,4.4210703467972
2026-09-23,32.51940726386728,86.96302347584206,3.145464163594307,3.3440117898874866
2026-09-24,9.104558927568842,24.827061144949482,6.195757184181985,3.945723153189238
2026-09-25,33.50712061462407,23.993830480587803,5.8009106392487375,5.29940586930233
2026-09-26,18.380173188738674,39.75309522852401,17.428280683817086,1.6136735838838312
